GCN,EO
5.133,-6.57278
6.417,-6.46064
